organization_id,course_id,session_id,material_id,order,is_mandatory,id,created_date,updated_date,created_by_id,is_sample
"69391901350762829f9a50b1","69525c47b39f04b627f82cd3","69525c486a34d44d7c127c1e","69528aba2de4d80f9ba3bedc","0","false","6952ac7bf7cb20c4ce2b0a4b","2025-12-29T16:29:47.931000","2025-12-29T16:29:47.931000","693824c5c1ad33c1f114ebd3","false"
"69391901350762829f9a50b1","69525c47b39f04b627f82cd3","69525c486a34d44d7c127c1e","69528aba2de4d80f9ba3beda","0","false","6952994891c80209e56937e6","2025-12-29T15:07:52.201000","2025-12-29T15:07:52.201000","693824c5c1ad33c1f114ebd3","false"
"69391901350762829f9a50b1","6950acef4d2ce27b84e13ab7","6950acf09c830c12a126c157","6950acf4680788ddb62baf35","0","false","6950acf49c830c12a126c15a","2025-12-28T04:07:16.674000","2025-12-28T04:07:16.674000","693824c5c1ad33c1f114ebd3","false"
"69391901350762829f9a50b1","6950acef4d2ce27b84e13ab7","6950acf09c830c12a126c157","6950acf4aad60c3e8370cf79","0","false","6950acf461b432a27da077e1","2025-12-28T04:07:16.354000","2025-12-28T04:07:16.354000","693824c5c1ad33c1f114ebd3","false"
"69391901350762829f9a50b1","6950acef4d2ce27b84e13ab7","6950acf0e35bb76cbde7f847","6950acf3db68a558ed68078c","0","false","6950acf42edccb693b301c21","2025-12-28T04:07:16.067000","2025-12-28T04:07:16.067000","693824c5c1ad33c1f114ebd3","false"
"69391901350762829f9a50b1","6950acef4d2ce27b84e13ab7","6950acf08d65aee13ece6c8b","6950acf34137e86519b21204","0","false","6950acf37cac801be6a36c61","2025-12-28T04:07:15.718000","2025-12-28T04:07:15.718000","693824c5c1ad33c1f114ebd3","false"
"69391901350762829f9a50b1","6950acef4d2ce27b84e13ab7","6950acef5969a4fcec55f376","6950acf39dd7c38412cde825","0","false","6950acf38bb65cfa53831f92","2025-12-28T04:07:15.414000","2025-12-28T04:07:15.414000","693824c5c1ad33c1f114ebd3","false"
"69391901350762829f9a50b1","6950acef4d2ce27b84e13ab7","6950acef5969a4fcec55f376","6950acf2027f4a5a0a87b54b","0","false","6950acf394487618642983e8","2025-12-28T04:07:15.123000","2025-12-28T04:07:15.123000","693824c5c1ad33c1f114ebd3","false"
"69391901350762829f9a50b1","6950acef4d2ce27b84e13ab7","6950acef5969a4fcec55f376","6950acf23ce6861c69a025df","0","false","6950acf22b454bcb39e03eaa","2025-12-28T04:07:14.757000","2025-12-28T04:07:14.757000","693824c5c1ad33c1f114ebd3","false"
"69391901350762829f9a50b1","6950acef4d2ce27b84e13ab7","6950acef9aed993c2350c5cb","6950acf28f38c6a0ef2b9be8","0","false","6950acf2cb74218b4841216b","2025-12-28T04:07:14.502000","2025-12-28T04:07:14.502000","693824c5c1ad33c1f114ebd3","false"
"69391901350762829f9a50b1","6950acef4d2ce27b84e13ab7","6950acef9aed993c2350c5cb","6950acf266bbb75cb6c768e8","0","false","6950acf28a86d2fe00f51079","2025-12-28T04:07:14.245000","2025-12-28T04:07:14.245000","693824c5c1ad33c1f114ebd3","false"
"69391901350762829f9a50b1","6950acef4d2ce27b84e13ab7","6950acefe127e424f6c33a8d","6950acf116954a47b103f1d0","0","false","6950acf19c830c12a126c158","2025-12-28T04:07:13.809000","2025-12-28T04:07:13.809000","693824c5c1ad33c1f114ebd3","false"
"69391901350762829f9a50b1","6950acef4d2ce27b84e13ab7","6950acefe127e424f6c33a8d","6950acf1a3249cdd726e4090","0","false","6950acf166bbb75cb6c768e7","2025-12-28T04:07:13.532000","2025-12-28T04:07:13.532000","693824c5c1ad33c1f114ebd3","false"
"69391901350762829f9a50b1","6945d4fd8213de74fd4c0a84","6945d4fd6d3cd77b94642237","69414e38ba4bbc445899de47","0","false","6950511d61b432a27d9ff635","2025-12-27T21:35:25.799000","2025-12-27T21:35:25.799000","693824c5c1ad33c1f114ebd3","false"
"69391901350762829f9a50b1","6945d4fd8213de74fd4c0a84","6945d4fd6d3cd77b94642237","694654f1c00903d20321c5c8","0","false","6950510dcc7bde576ec27a97","2025-12-27T21:35:09.780000","2025-12-27T21:35:09.780000","693824c5c1ad33c1f114ebd3","false"
"69391901350762829f9a50b1","694d3348341985d618013a5c","694d334e1e104473c0636453","694d3356cd9aa9cf2d006530","0","false","694d33563a34cdc34f082509","2025-12-25T12:51:34.588000","2025-12-25T12:51:34.588000","693824c5c1ad33c1f114ebd3","false"
"69391901350762829f9a50b1","694d3348341985d618013a5c","694d334a419f251481356c8b","694d33550d43cf6ad4cfe915","0","false","694d33564f5cccfa4533a9ce","2025-12-25T12:51:34.204000","2025-12-25T12:51:34.204000","693824c5c1ad33c1f114ebd3","false"
"69391901350762829f9a50b1","694d31a2aa1ec3c6b13fe441","694d31a2c2bd9f6e31460d45","694d31a46553e7a0f9b628c6","0","false","694d31a43e384c3649964666","2025-12-25T12:44:20.582000","2025-12-25T12:44:20.582000","693824c5c1ad33c1f114ebd3","false"
"69391901350762829f9a50b1","694d31a2aa1ec3c6b13fe441","694d31a2c810bb60064d519d","694d31a480f894e17a6c22f3","0","false","694d31a468eb5dcb3cb40231","2025-12-25T12:44:20.152000","2025-12-25T12:44:20.152000","693824c5c1ad33c1f114ebd3","false"
"69391901350762829f9a50b1","694d31a2aa1ec3c6b13fe441","694d31a2c810bb60064d519d","694d31a3747299c2b227ca4a","0","false","694d31a38500969efc26e4f9","2025-12-25T12:44:19.859000","2025-12-25T12:44:19.859000","693824c5c1ad33c1f114ebd3","false"
"69391901350762829f9a50b1","694d318d2a4c44e23933cc5c","694d318e4dccc0e055a16d49","694d318fdede0b028a3661b7","0","false","694d318fa3f1edd82a03a6ae","2025-12-25T12:43:59.489000","2025-12-25T12:43:59.489000","693824c5c1ad33c1f114ebd3","false"
"69391901350762829f9a50b1","694d318d2a4c44e23933cc5c","694d318d4084c533c2ec74a2","694d318e8f612f57714c6ebd","0","false","694d318f778b8f5a85ecc583","2025-12-25T12:43:59.153000","2025-12-25T12:43:59.153000","693824c5c1ad33c1f114ebd3","false"
"69391901350762829f9a50b1","694d3168f337ce53621094a1","694d3169a1043b45f15baa1d","694d316adede0b028a36606b","0","false","694d316a8dd5b527c7749d88","2025-12-25T12:43:22.837000","2025-12-25T12:43:22.837000","693824c5c1ad33c1f114ebd3","false"
"69391901350762829f9a50b1","694d3168f337ce53621094a1","694d31684084c533c2ec748c","694d316a792194b3fecf0a67","0","false","694d316a8f612f57714c6ea4","2025-12-25T12:43:22.438000","2025-12-25T12:43:22.438000","693824c5c1ad33c1f114ebd3","false"
"69391901350762829f9a50b1","694c5fa8ec438f8422e0dc02","694c5fa96635e12b39a38ce0","694c5fabe615a91bd29a195d","0","false","694c5fabceb680fe9fe50357","2025-12-24T21:48:27.842000","2025-12-24T21:48:27.842000","693824c5c1ad33c1f114ebd3","false"
"69391901350762829f9a50b1","694c5fa8ec438f8422e0dc02","694c5fa80d069324ac3de535","694c5fabb69e095f2c813d0e","0","false","694c5faba6447cfc64ba93ac","2025-12-24T21:48:27.216000","2025-12-24T21:48:27.216000","693824c5c1ad33c1f114ebd3","false"
"69391901350762829f9a50b1","694c5fa8ec438f8422e0dc02","694c5fa8d729c9e2fad734fc","694c5faaef0d1d622584e67a","0","false","694c5faa6bff333cdd9955fd","2025-12-24T21:48:26.934000","2025-12-24T21:48:26.934000","693824c5c1ad33c1f114ebd3","false"
"69391901350762829f9a50b1","694c5d81ef7b76d11989166a","694c5d81fbf084ce614c8f83","694c5d838a35105e8f7dec41","0","false","694c5d831c47ecc36ae15952","2025-12-24T21:39:15.221000","2025-12-24T21:39:15.221000","693824c5c1ad33c1f114ebd3","false"
"69391901350762829f9a50b1","694c5d81ef7b76d11989166a","694c5d8117da871e5ead2e62","694c5d8243457f5c2f506ec7","0","false","694c5d82cbd4e9df630370e1","2025-12-24T21:39:14.791000","2025-12-24T21:39:14.791000","693824c5c1ad33c1f114ebd3","false"
"69391901350762829f9a50b1","694c5d81ef7b76d11989166a","694c5d8117da871e5ead2e62","694c5d828a9d779e6a7e8597","0","false","694c5d827148f0e48342e04f","2025-12-24T21:39:14.525000","2025-12-24T21:39:14.525000","693824c5c1ad33c1f114ebd3","false"
"69391901350762829f9a50b1","6948ef3bf5251ac313d5d4cb","6948ef3c8972f9eed51f1ec3","6948ef3fd6543fb6f89ccdc3","0","false","6948ef3f1f1fac566ea749db","2025-12-22T07:11:59.233000","2025-12-22T07:11:59.233000","693824c5c1ad33c1f114ebd3","false"
"69391901350762829f9a50b1","6948ef3bf5251ac313d5d4cb","6948ef3c0c60cbcdf851a1f6","6948ef3e4ea1db99c9601d0f","0","false","6948ef3ecf52bb07fbc435f0","2025-12-22T07:11:58.830000","2025-12-22T07:11:58.830000","693824c5c1ad33c1f114ebd3","false"
"69391901350762829f9a50b1","6948ef3bf5251ac313d5d4cb","6948ef3b85e58925338a6488","6948ef3e85e58925338a6489","0","false","6948ef3e2251c71f4bb1d73d","2025-12-22T07:11:58.525000","2025-12-22T07:11:58.525000","693824c5c1ad33c1f114ebd3","false"
"69391901350762829f9a50b1","6948df30bd3617e92c529b5c","6948df315d1468e4773ae3ce","6948df35a80b77fa4240f677","0","false","6948df356e912c335b1918c2","2025-12-22T06:03:33.752000","2025-12-22T06:03:33.752000","693824c5c1ad33c1f114ebd3","false"
"69391901350762829f9a50b1","6948df30bd3617e92c529b5c","6948df318f44623b2fe361bf","6948df35ed3cd9d6eb5551a3","0","false","6948df357a185d3c4884804e","2025-12-22T06:03:33.438000","2025-12-22T06:03:33.438000","693824c5c1ad33c1f114ebd3","false"
"69391901350762829f9a50b1","6948df30bd3617e92c529b5c","6948df305ff0a02af1e03fb1","6948df34f28088f04c1d4055","0","false","6948df342eac8ed3f10beb0e","2025-12-22T06:03:32.883000","2025-12-22T06:03:32.883000","693824c5c1ad33c1f114ebd3","false"
"69391901350762829f9a50b1","6948d6dbbe8ed231811a3616","6948d6dc4e4b65021af0cffe","6948d6e1d85d43ac4ef15ffd","0","false","6948d6e1c53198b91a92d160","2025-12-22T05:28:01.307000","2025-12-22T05:28:01.307000","693824c5c1ad33c1f114ebd3","false"
"69391901350762829f9a50b1","6948d6dbbe8ed231811a3616","6948d6dc21fe00d3eacce4c9","6948d6e0955fd037f6a94671","0","false","6948d6e0048ca1a98d96ddc8","2025-12-22T05:28:00.858000","2025-12-22T05:28:00.858000","693824c5c1ad33c1f114ebd3","false"
"69391901350762829f9a50b1","6948d6dbbe8ed231811a3616","6948d6db6c778e2999771503","6948d6e01e5c0e1c906ef424","0","false","6948d6e0a13c46fb53465cab","2025-12-22T05:28:00.544000","2025-12-22T05:28:00.544000","693824c5c1ad33c1f114ebd3","false"
"69391901350762829f9a50b1","6948d6dbbe8ed231811a3616","6948d6db6821bcb4507a8cd5","6948d6e027dd21cc24967272","0","false","6948d6e078bf85f4a8ddc15f","2025-12-22T05:28:00.232000","2025-12-22T05:28:00.232000","693824c5c1ad33c1f114ebd3","false"
"69391901350762829f9a50b1","6948d545f3e8e5e2d97ad380","6948d5485d002ee33276bcd7","6948d54a5d002ee33276bcdb","0","false","6948d54a494ab2d15badf8dd","2025-12-22T05:21:14.330000","2025-12-22T05:21:14.330000","693824c5c1ad33c1f114ebd3","false"
"69391901350762829f9a50b1","6948d545f3e8e5e2d97ad380","6948d545895cad25957b2c21","6948d549bd3617e92c529461","0","false","6948d54991132057970e2b31","2025-12-22T05:21:13.840000","2025-12-22T05:21:13.840000","693824c5c1ad33c1f114ebd3","false"
"69391901350762829f9a50b1","6948d545f3e8e5e2d97ad380","6948d545895cad25957b2c21","6948d54921fe00d3eacce39b","0","false","6948d54963ff289e3fa2f3bd","2025-12-22T05:21:13.230000","2025-12-22T05:21:13.230000","693824c5c1ad33c1f114ebd3","false"
"69391901350762829f9a50b1","6947298d88c6f664b1c2dec7","6947298e4192ce58d7122453","6947298f6f66ed855b4d49ac","0","false","6947298fe6add2157ba93e97","2025-12-20T22:56:15.630000","2025-12-20T22:56:15.630000","693824c5c1ad33c1f114ebd3","false"
"69391901350762829f9a50b1","6947298d88c6f664b1c2dec7","6947298e4192ce58d7122453","6947298fa8ce7eff5486ecdc","0","false","6947298f88b53215b34e38d3","2025-12-20T22:56:15.223000","2025-12-20T22:56:15.223000","693824c5c1ad33c1f114ebd3","false"
"693d4c43a0fd0f3a209cbee1","69472955c43faff26cdb1f27","69472955b12dd535c0c323ba","69472956919807728f47f92b","0","false","694729569594cd1a27145c66","2025-12-20T22:55:18.563000","2025-12-20T22:55:18.563000","694727c756f9d9629e85a36e","false"
"693d4c43a0fd0f3a209cbee1","69472955c43faff26cdb1f27","69472955b12dd535c0c323ba","69472956aa250d9524ccfe23","0","false","69472956050f8db2014838b6","2025-12-20T22:55:18.248000","2025-12-20T22:55:18.248000","694727c756f9d9629e85a36e","false"
"69391901350762829f9a50b1","6945d4fd8213de74fd4c0a84","6945d4fd6d3cd77b94642237","694654f1c00903d20321c5c9","0","false","69465b19c25aa6aaf8db4b78","2025-12-20T08:15:21.479000","2025-12-20T08:15:21.479000","693824c5c1ad33c1f114ebd3","false"
"69391901350762829f9a50b1","6945d4fd8213de74fd4c0a84","6945d4fd6d3cd77b94642237","694654f1c00903d20321c5c6","0","false","69465b08534848693704c19c","2025-12-20T08:15:04.535000","2025-12-20T08:15:04.535000","693824c5c1ad33c1f114ebd3","false"
"69391901350762829f9a50b1","6945d4fd8213de74fd4c0a84","6945d4feafde486933316660","6945d5068213de74fd4c0a8b","0","false","6945d50692e6154d36693805","2025-12-19T22:43:18.569000","2025-12-19T22:43:18.569000","693824c5c1ad33c1f114ebd3","false"
"69391901350762829f9a50b1","6945d4fd8213de74fd4c0a84","6945d4fe93cb82cdd6982258","6945d5050801a722849a0413","0","false","6945d50612f7403784b3ef63","2025-12-19T22:43:18.152000","2025-12-19T22:43:18.152000","693824c5c1ad33c1f114ebd3","false"
"69391901350762829f9a50b1","6945d4fd8213de74fd4c0a84","6945d4feb43579ea73d602bf","6945d5058213de74fd4c0a8a","0","false","6945d5055337bc42b23528d2","2025-12-19T22:43:17.699000","2025-12-19T22:43:17.699000","693824c5c1ad33c1f114ebd3","false"
"69391901350762829f9a50b1","6945d4fd8213de74fd4c0a84","6945d4fecffac7852a8a57cd","6945d5053428b611971a3842","0","false","6945d5055389373d49670b73","2025-12-19T22:43:17.340000","2025-12-19T22:43:17.340000","693824c5c1ad33c1f114ebd3","false"
"69391901350762829f9a50b1","6945d4fd8213de74fd4c0a84","6945d4fe8872ac1b833e6849","6945d5042568de6169f51bc1","0","false","6945d5051a4b5681882fb524","2025-12-19T22:43:17.015000","2025-12-19T22:43:17.015000","693824c5c1ad33c1f114ebd3","false"
"69391901350762829f9a50b1","6945d4fd8213de74fd4c0a84","6945d4fe98eb2f5e720c021a","6945d503e07a79262a9e401a","0","false","6945d5033e68372b5090007c","2025-12-19T22:43:15.425000","2025-12-19T22:43:15.425000","693824c5c1ad33c1f114ebd3","false"
"69391901350762829f9a50b1","6945d4fd8213de74fd4c0a84","6945d4fd5f9caaa8ba8c32d9","6945d502f4529e3e9252f10f","0","false","6945d503dd837dee5137d396","2025-12-19T22:43:15.125000","2025-12-19T22:43:15.125000","693824c5c1ad33c1f114ebd3","false"
"69391901350762829f9a50b1","6945d4fd8213de74fd4c0a84","6945d4fd6d3cd77b94642237","6945d502dc7f1960ca9ec4a6","0","false","6945d502fef712376341682c","2025-12-19T22:43:14.794000","2025-12-19T22:43:14.794000","693824c5c1ad33c1f114ebd3","false"
"69391901350762829f9a50b1","6945ba1a833185b2665bf47a","6945ba1bb01c838e2e52c67d","6945ba1fdd837dee5137c0e6","0","false","6945ba1fa04cc799a7eaf0cd","2025-12-19T20:48:31.437000","2025-12-19T20:48:31.437000","693824c5c1ad33c1f114ebd3","false"
"69391901350762829f9a50b1","6945ba1a833185b2665bf47a","6945ba1aa720871fb7368242","6945ba1d881b078fa43cb449","0","false","6945ba1e5193a5c20cc2f727","2025-12-19T20:48:30.115000","2025-12-19T20:48:30.115000","693824c5c1ad33c1f114ebd3","false"
"69391901350762829f9a50b1","6942ae4afed1bf7040557a50","6942ae4a84492b26d89ed52d","6942ae594b0a04e51ebce9df","0","false","6942ae5918a10f7043e632b6","2025-12-17T13:21:29.515000","2025-12-17T13:21:29.515000","693824c5c1ad33c1f114ebd3","false"
"69391901350762829f9a50b1","6942ae4afed1bf7040557a50","6942ae4af3502d611a82df2f","6942ae581901a1a6c6755877","0","false","6942ae594945bbac49748cb4","2025-12-17T13:21:29.160000","2025-12-17T13:21:29.160000","693824c5c1ad33c1f114ebd3","false"
"69391901350762829f9a50b1","6942ae4afed1bf7040557a50","6942ae4af3502d611a82df2f","6942ae584c40a614760db654","0","false","6942ae58b162301734f39217","2025-12-17T13:21:28.803000","2025-12-17T13:21:28.803000","693824c5c1ad33c1f114ebd3","false"
"69391901350762829f9a50b1","69414e2be636c8c8c38af82d","69414e2b56906fa6056d995b","69414e3e83b70f0261868afc","0","false","6941e0f7a77816dcf2634b95","2025-12-16T22:45:11.194000","2025-12-16T22:45:11.194000","693824c5c1ad33c1f114ebd3","false"
"69391901350762829f9a50b1","6941c26ec85a8034c7479383","6941c26f56857b0902361dcf","6941c287bdcdbf11396add9f","0","false","6941c2881a29ded25d7bc271","2025-12-16T20:35:20.133000","2025-12-16T20:35:20.133000","693824c5c1ad33c1f114ebd3","false"
"69391901350762829f9a50b1","6941c26ec85a8034c7479383","6941c26fd46fd13081baa54c","6941c287b9a232504d91b642","0","false","6941c287a1e7425c9d66dff0","2025-12-16T20:35:19.788000","2025-12-16T20:35:19.788000","693824c5c1ad33c1f114ebd3","false"
"69391901350762829f9a50b1","6941c26ec85a8034c7479383","6941c26fd46fd13081baa54c","6941c287a77816dcf26322e7","0","false","6941c28711a99201e4c900f0","2025-12-16T20:35:19.396000","2025-12-16T20:35:19.396000","693824c5c1ad33c1f114ebd3","false"
"69391901350762829f9a50b1","6941c26ec85a8034c7479383","6941c26fd46fd13081baa54c","6941c28664f113fb73b6fd6a","0","false","6941c286782e39ceb877ed8b","2025-12-16T20:35:18.982000","2025-12-16T20:35:18.982000","693824c5c1ad33c1f114ebd3","false"
"69391901350762829f9a50b1","6941c26ec85a8034c7479383","6941c26f7db5ea05710138e6","6941c286a6313ef27257ffe7","0","false","6941c286b7b4505ff1d4b6a9","2025-12-16T20:35:18.624000","2025-12-16T20:35:18.624000","693824c5c1ad33c1f114ebd3","false"
"69391901350762829f9a50b1","6941c26ec85a8034c7479383","6941c26f7db5ea05710138e6","6941c286d9c0be18522af092","0","false","6941c286e75174b90d7362ae","2025-12-16T20:35:18.355000","2025-12-16T20:35:18.355000","693824c5c1ad33c1f114ebd3","false"
"69391901350762829f9a50b1","6941c26ec85a8034c7479383","6941c26f7db5ea05710138e6","6941c28483af009e93538458","0","false","6941c285e458bd9612b829f0","2025-12-16T20:35:17.992000","2025-12-16T20:35:17.992000","693824c5c1ad33c1f114ebd3","false"
"69391901350762829f9a50b1","6941c26ec85a8034c7479383","6941c26ffebe012fd5d9be4b","6941c284961e8495f06ee39d","0","false","6941c2840d60df42cb8bf9ba","2025-12-16T20:35:16.784000","2025-12-16T20:35:16.784000","693824c5c1ad33c1f114ebd3","false"
"69391901350762829f9a50b1","6941c26ec85a8034c7479383","6941c26ffebe012fd5d9be4b","6941c28405b7fa201ed2c211","0","false","6941c284bda948fa16ad4451","2025-12-16T20:35:16.258000","2025-12-16T20:35:16.258000","693824c5c1ad33c1f114ebd3","false"
"69391901350762829f9a50b1","6941c26ec85a8034c7479383","6941c26ffebe012fd5d9be4b","6941c2830dfc6847a095a60e","0","false","6941c2832db9f5eb1e36f22e","2025-12-16T20:35:15.864000","2025-12-16T20:35:15.864000","693824c5c1ad33c1f114ebd3","false"
"69391901350762829f9a50b1","6941c26ec85a8034c7479383","6941c26f2951383789e7fdf2","6941c28328367de097661098","0","false","6941c283b0101a4acc88b883","2025-12-16T20:35:15.532000","2025-12-16T20:35:15.532000","693824c5c1ad33c1f114ebd3","false"
"69391901350762829f9a50b1","6941c26ec85a8034c7479383","6941c26f2951383789e7fdf2","6941c282e2dea5c0628ae3fc","0","false","6941c283d92260295aa644dd","2025-12-16T20:35:15.080000","2025-12-16T20:35:15.080000","693824c5c1ad33c1f114ebd3","false"
"69391901350762829f9a50b1","6941c26ec85a8034c7479383","6941c26f2951383789e7fdf2","6941c282281a6f146154c82e","0","false","6941c28228367de097661096","2025-12-16T20:35:14.698000","2025-12-16T20:35:14.698000","693824c5c1ad33c1f114ebd3","false"
"69391901350762829f9a50b1","6941c26ec85a8034c7479383","6941c26e5486c287bf0070aa","6941c2822e77b1be75968dd6","0","false","6941c28259346414482850c0","2025-12-16T20:35:14.274000","2025-12-16T20:35:14.274000","693824c5c1ad33c1f114ebd3","false"
"69391901350762829f9a50b1","6941c26ec85a8034c7479383","6941c26e5486c287bf0070aa","6941c28100bfe8ec50e32af0","0","false","6941c2816d0e926812649d9a","2025-12-16T20:35:13.745000","2025-12-16T20:35:13.745000","693824c5c1ad33c1f114ebd3","false"
"69391901350762829f9a50b1","6941c26ec85a8034c7479383","6941c26e5486c287bf0070aa","6941c28066dd7771daabe09b","0","false","6941c2817ca5d42d2e841f68","2025-12-16T20:35:13.072000","2025-12-16T20:35:13.072000","693824c5c1ad33c1f114ebd3","false"
"69391901350762829f9a50b1","6941c26ec85a8034c7479383","6941c26ee458bd9612b829b1","6941c280d4f2b64e692b0fb7","0","false","6941c28006b2d25bb66a797c","2025-12-16T20:35:12.675000","2025-12-16T20:35:12.675000","693824c5c1ad33c1f114ebd3","false"
"69391901350762829f9a50b1","6941c26ec85a8034c7479383","6941c26ee458bd9612b829b1","6941c280f809957dedc2be5a","0","false","6941c2809826f0530536d8ef","2025-12-16T20:35:12.345000","2025-12-16T20:35:12.345000","693824c5c1ad33c1f114ebd3","false"
"69391901350762829f9a50b1","6941c26ec85a8034c7479383","6941c26ee458bd9612b829b1","6941c27fd46fd13081baa584","0","false","6941c2807ca5d42d2e841f67","2025-12-16T20:35:12.063000","2025-12-16T20:35:12.063000","693824c5c1ad33c1f114ebd3","false"
"69391901350762829f9a50b1","6941c26ec85a8034c7479383","6941c26e25c730f386b8a5e4","6941c27f02ee8593d90bc149","0","false","6941c27f281a6f146154c82c","2025-12-16T20:35:11.598000","2025-12-16T20:35:11.598000","693824c5c1ad33c1f114ebd3","false"
"69391901350762829f9a50b1","6941c26ec85a8034c7479383","6941c26e25c730f386b8a5e4","6941c27ec38476af853a6147","0","false","6941c27f929b2a4d9071e04b","2025-12-16T20:35:11.099000","2025-12-16T20:35:11.099000","693824c5c1ad33c1f114ebd3","false"
"69391901350762829f9a50b1","6941c26ec85a8034c7479383","6941c26e25c730f386b8a5e4","6941c27e8162a2103671068a","0","false","6941c27edf8cce215d55e675","2025-12-16T20:35:10.649000","2025-12-16T20:35:10.649000","693824c5c1ad33c1f114ebd3","false"
"69391901350762829f9a50b1","6941c26ec85a8034c7479383","6941c26e5486c287bf0070a8","6941c27e3e768ad6def0f7f4","0","false","6941c27ea440d03c105b5662","2025-12-16T20:35:10.271000","2025-12-16T20:35:10.271000","693824c5c1ad33c1f114ebd3","false"
"69391901350762829f9a50b1","6941c26ec85a8034c7479383","6941c26e5486c287bf0070a8","6941c27dedac965d902bf5ad","0","false","6941c27df84ed996d0973fb0","2025-12-16T20:35:09.848000","2025-12-16T20:35:09.848000","693824c5c1ad33c1f114ebd3","false"
"69391901350762829f9a50b1","6941c26ec85a8034c7479383","6941c26e5486c287bf0070a8","6941c27c2852060aa37993e2","0","false","6941c27d3c0d625df9c07a6b","2025-12-16T20:35:09.213000","2025-12-16T20:35:09.213000","693824c5c1ad33c1f114ebd3","false"
"69391901350762829f9a50b1","6941c26ec85a8034c7479383","6941c26e065b6b9b1a661a0b","6941c27b3c0d625df9c07a6a","0","false","6941c27bd43cc6eea53fafcc","2025-12-16T20:35:07.778000","2025-12-16T20:35:07.778000","693824c5c1ad33c1f114ebd3","false"
"69391901350762829f9a50b1","6941c26ec85a8034c7479383","6941c26e065b6b9b1a661a0b","6941c27aea17b44cbc490c31","0","false","6941c27abaf91036ee29207f","2025-12-16T20:35:06.899000","2025-12-16T20:35:06.899000","693824c5c1ad33c1f114ebd3","false"
"69391901350762829f9a50b1","6941c26ec85a8034c7479383","6941c26e065b6b9b1a661a0b","6941c2793bfa92b620c9256b","0","false","6941c27a65b63010f4b2dd30","2025-12-16T20:35:06.148000","2025-12-16T20:35:06.148000","693824c5c1ad33c1f114ebd3","false"
"69391901350762829f9a50b1","6941528d0cfd350ba9215b18","6941528fee5462a3aa120a54","694152a22cc80249950da09a","0","false","694152a253975c0b578bbee4","2025-12-16T12:37:54.463000","2025-12-16T12:37:54.463000","693824c5c1ad33c1f114ebd3","false"
"69391901350762829f9a50b1","6941528d0cfd350ba9215b18","6941528fee5462a3aa120a54","694152a1b0fe8d468b660cfd","0","false","694152a22232b032678d96ab","2025-12-16T12:37:54.034000","2025-12-16T12:37:54.034000","693824c5c1ad33c1f114ebd3","false"
"69391901350762829f9a50b1","6941528d0cfd350ba9215b18","6941528fee5462a3aa120a54","694152a1c50be93f69425516","0","false","694152a17e993c935681d983","2025-12-16T12:37:53.675000","2025-12-16T12:37:53.675000","693824c5c1ad33c1f114ebd3","false"
"69391901350762829f9a50b1","6941528d0cfd350ba9215b18","6941528f4f1d67523bebb0e4","694152a1114176810e13da9b","0","false","694152a1588bc7de3b515113","2025-12-16T12:37:53.333000","2025-12-16T12:37:53.333000","693824c5c1ad33c1f114ebd3","false"
"69391901350762829f9a50b1","6941528d0cfd350ba9215b18","6941528f4f1d67523bebb0e4","694152a074d50080664048c8","0","false","694152a083b70f026186939e","2025-12-16T12:37:52.884000","2025-12-16T12:37:52.884000","693824c5c1ad33c1f114ebd3","false"
"69391901350762829f9a50b1","6941528d0cfd350ba9215b18","6941528f6cfaff73f2a1f115","694152a0a7c47d354a80d6ec","0","false","694152a0ed8faf3dbabfd7f6","2025-12-16T12:37:52.594000","2025-12-16T12:37:52.594000","693824c5c1ad33c1f114ebd3","false"
"69391901350762829f9a50b1","6941528d0cfd350ba9215b18","6941528fbcd1b5b43069bffe","6941529fd0a28dbe27af6abb","0","false","694152a05270dfb85a9461ac","2025-12-16T12:37:52.129000","2025-12-16T12:37:52.129000","693824c5c1ad33c1f114ebd3","false"
"69391901350762829f9a50b1","6941528d0cfd350ba9215b18","6941528fbcd1b5b43069bffe","6941529fb374ad11953ba796","0","false","6941529f5481295f3723d21f","2025-12-16T12:37:51.829000","2025-12-16T12:37:51.829000","693824c5c1ad33c1f114ebd3","false"
"69391901350762829f9a50b1","6941528d0cfd350ba9215b18","6941528fbcd1b5b43069bffe","6941529f52b19f72f0cf1600","0","false","6941529f6c0fd1489e0639f7","2025-12-16T12:37:51.345000","2025-12-16T12:37:51.345000","693824c5c1ad33c1f114ebd3","false"
"69391901350762829f9a50b1","6941528d0cfd350ba9215b18","6941528e74d50080664048c7","6941529ee9b41d1eac36bf7e","0","false","6941529ea30ebe20d4d72921","2025-12-16T12:37:50.978000","2025-12-16T12:37:50.978000","693824c5c1ad33c1f114ebd3","false"
"69391901350762829f9a50b1","6941528d0cfd350ba9215b18","6941528e214741b07d965e17","6941529e1bc66276bab11083","0","false","6941529ed16a69016b952420","2025-12-16T12:37:50.690000","2025-12-16T12:37:50.690000","693824c5c1ad33c1f114ebd3","false"
"69391901350762829f9a50b1","6941528d0cfd350ba9215b18","6941528e214741b07d965e17","6941529d5ddaa8bd7f7163c5","0","false","6941529ecfffda7681fd556f","2025-12-16T12:37:50.100000","2025-12-16T12:37:50.100000","693824c5c1ad33c1f114ebd3","false"
"69391901350762829f9a50b1","6941528d0cfd350ba9215b18","6941528e7e993c935681d971","6941529d0f36e60e9ef5797d","0","false","6941529de17617d84d55fdac","2025-12-16T12:37:49.752000","2025-12-16T12:37:49.752000","693824c5c1ad33c1f114ebd3","false"
"69391901350762829f9a50b1","6941528d0cfd350ba9215b18","6941528ded68af6effa302ef","6941529da478d4dcc3ac089b","0","false","6941529d09b3870c6d36f130","2025-12-16T12:37:49.247000","2025-12-16T12:37:49.247000","693824c5c1ad33c1f114ebd3","false"
"69391901350762829f9a50b1","6941528d0cfd350ba9215b18","6941528e7169cdbd4b1fefe3","6941529ced8faf3dbabfd7f1","0","false","6941529cac5b82cce4a0ae79","2025-12-16T12:37:48.672000","2025-12-16T12:37:48.672000","693824c5c1ad33c1f114ebd3","false"
"69391901350762829f9a50b1","6941528d0cfd350ba9215b18","6941528e7169cdbd4b1fefe3","6941529b5333d95eba49175f","0","false","6941529cb19e6334385a58e4","2025-12-16T12:37:48.086000","2025-12-16T12:37:48.086000","693824c5c1ad33c1f114ebd3","false"
"69391901350762829f9a50b1","6941528d0cfd350ba9215b18","6941528d9e084e06df7696d1","6941529b18b38a4fdfff784a","0","false","6941529bf88d447e824e7b97","2025-12-16T12:37:47.346000","2025-12-16T12:37:47.346000","693824c5c1ad33c1f114ebd3","false"
"69391901350762829f9a50b1","6941528d0cfd350ba9215b18","6941528d9e084e06df7696d1","6941529ac746a0f0dc9de6a4","0","false","6941529b1619f3b5ffaa56f5","2025-12-16T12:37:47.024000","2025-12-16T12:37:47.024000","693824c5c1ad33c1f114ebd3","false"
"69391901350762829f9a50b1","6941528d0cfd350ba9215b18","6941528d9e084e06df7696d1","6941529aae8808147a3d7ed6","0","false","6941529a779ee60371e8ba49","2025-12-16T12:37:46.735000","2025-12-16T12:37:46.735000","693824c5c1ad33c1f114ebd3","false"
"69391901350762829f9a50b1","6941528d0cfd350ba9215b18","6941528ded68af6effa302ef","6941529981366100ed7ce9d2","0","false","6941529ab9bf60943288cf71","2025-12-16T12:37:46.140000","2025-12-16T12:37:46.140000","693824c5c1ad33c1f114ebd3","false"
"69391901350762829f9a50b1","6941528d0cfd350ba9215b18","6941528ded68af6effa302ef","6941529952ef0b75a0fe83e3","0","false","694152994fbd1b665f582b78","2025-12-16T12:37:45.793000","2025-12-16T12:37:45.793000","693824c5c1ad33c1f114ebd3","false"
"69391901350762829f9a50b1","6941528d0cfd350ba9215b18","6941528ded68af6effa302ef","694152992ee873a3c330af35","0","false","69415299fbbbf62c88387c1f","2025-12-16T12:37:45.334000","2025-12-16T12:37:45.334000","693824c5c1ad33c1f114ebd3","false"
"69391901350762829f9a50b1","69414e2be636c8c8c38af82d","69414e2c8387be36c66836fe","69414e3d0f3ee2543c85f60c","0","false","69414e3d3b3143bd3cf702e7","2025-12-16T12:19:09.290000","2025-12-16T12:19:09.290000","693824c5c1ad33c1f114ebd3","false"
"69391901350762829f9a50b1","69414e2be636c8c8c38af82d","69414e2c8387be36c66836fe","69414e3c6c342c2a74e75da2","0","false","69414e3c555789e57362daa9","2025-12-16T12:19:08.929000","2025-12-16T12:19:08.929000","693824c5c1ad33c1f114ebd3","false"
"69391901350762829f9a50b1","69414e2be636c8c8c38af82d","69414e2c8387be36c66836fe","69414e3ce32e82c3b0cf3058","0","false","69414e3c27d6590dde5a29e7","2025-12-16T12:19:08.629000","2025-12-16T12:19:08.629000","693824c5c1ad33c1f114ebd3","false"
"69391901350762829f9a50b1","69414e2be636c8c8c38af82d","69414e2c8387be36c66836fe","69414e3cb47d88b4898e0fff","0","false","69414e3cd571e89299c3138d","2025-12-16T12:19:08.247000","2025-12-16T12:19:08.247000","693824c5c1ad33c1f114ebd3","false"
"69391901350762829f9a50b1","69414e2be636c8c8c38af82d","69414e2c9aac2db4157c4d20","69414e3b214741b07d9658cc","0","false","69414e3bdf6f489dceb1fcb7","2025-12-16T12:19:07.937000","2025-12-16T12:19:07.937000","693824c5c1ad33c1f114ebd3","false"
"69391901350762829f9a50b1","69414e2be636c8c8c38af82d","69414e2c3df03f934edd538b","69414e3b1e9903cf9b4d302a","0","false","69414e3bd850bbb000fe0e0a","2025-12-16T12:19:07.658000","2025-12-16T12:19:07.658000","693824c5c1ad33c1f114ebd3","false"
"69391901350762829f9a50b1","69414e2be636c8c8c38af82d","69414e2c3df03f934edd538b","69414e3b8026cf3066af95bf","0","false","69414e3b18b38a4fdfff7070","2025-12-16T12:19:07.356000","2025-12-16T12:19:07.356000","693824c5c1ad33c1f114ebd3","false"
"69391901350762829f9a50b1","69414e2be636c8c8c38af82d","69414e2c3df03f934edd538b","69414e3a621c61bea16c15b6","0","false","69414e3bc0497ed0e80bdedd","2025-12-16T12:19:07.042000","2025-12-16T12:19:07.042000","693824c5c1ad33c1f114ebd3","false"
"69391901350762829f9a50b1","69414e2be636c8c8c38af82d","69414e2c1330bc7ac6fe43b8","69414e3ab93d455fcd5d6b30","0","false","69414e3aad1f5eef7a27cfb6","2025-12-16T12:19:06.713000","2025-12-16T12:19:06.713000","693824c5c1ad33c1f114ebd3","false"
"69391901350762829f9a50b1","69414e2be636c8c8c38af82d","69414e2c1330bc7ac6fe43b8","69414e3a11647469b8858d9f","0","false","69414e3a5ddaa8bd7f7157f8","2025-12-16T12:19:06.290000","2025-12-16T12:19:06.290000","693824c5c1ad33c1f114ebd3","false"
"69391901350762829f9a50b1","69414e2be636c8c8c38af82d","69414e2c3ee762a6a5f26700","69414e39839bbd74e0bc9dc1","0","false","69414e39613411b4d4bbf467","2025-12-16T12:19:05.937000","2025-12-16T12:19:05.937000","693824c5c1ad33c1f114ebd3","false"
"69391901350762829f9a50b1","69414e2be636c8c8c38af82d","69414e2c3ee762a6a5f26700","69414e39bf32c5df194d2ba6","0","false","69414e3946a3a908f32a16f1","2025-12-16T12:19:05.577000","2025-12-16T12:19:05.577000","693824c5c1ad33c1f114ebd3","false"
"69391901350762829f9a50b1","69414e2be636c8c8c38af82d","69414e2c3ee762a6a5f26700","69414e390a719752e08ef35c","0","false","69414e39ad68407cb4171bea","2025-12-16T12:19:05.240000","2025-12-16T12:19:05.240000","693824c5c1ad33c1f114ebd3","false"
"69391901350762829f9a50b1","69414e2be636c8c8c38af82d","69414e2cac5b82cce4a0ad27","69414e38aeb843dc37b48055","0","false","69414e38ba7029a22752c97a","2025-12-16T12:19:04.901000","2025-12-16T12:19:04.901000","693824c5c1ad33c1f114ebd3","false"
"69391901350762829f9a50b1","69414e2be636c8c8c38af82d","69414e2cac5b82cce4a0ad27","69414e38ba4bbc445899de47","0","false","69414e38d16a69016b9520ce","2025-12-16T12:19:04.439000","2025-12-16T12:19:04.439000","693824c5c1ad33c1f114ebd3","false"
"69391901350762829f9a50b1","69414e2be636c8c8c38af82d","69414e2be38a28655bb34f38","69414e37a7003c26a3e95aa4","0","false","69414e38ed32e7fdf1b2348c","2025-12-16T12:19:04.017000","2025-12-16T12:19:04.017000","693824c5c1ad33c1f114ebd3","false"
"69391901350762829f9a50b1","69414e2be636c8c8c38af82d","69414e2be38a28655bb34f38","69414e3623a273ea3b3b3f65","0","false","69414e37350ab7953b7d306a","2025-12-16T12:19:03.160000","2025-12-16T12:19:03.160000","693824c5c1ad33c1f114ebd3","false"
"69391901350762829f9a50b1","69414e2be636c8c8c38af82d","69414e2be38a28655bb34f38","69414e35e32e82c3b0cf3052","0","false","69414e36892480c1aa2002cf","2025-12-16T12:19:02.496000","2025-12-16T12:19:02.496000","693824c5c1ad33c1f114ebd3","false"
"69391901350762829f9a50b1","69414e2be636c8c8c38af82d","69414e2b56906fa6056d995b","69414e35eb899ca912353c31","0","false","69414e35892480c1aa2002cd","2025-12-16T12:19:01.545000","2025-12-16T12:19:01.545000","693824c5c1ad33c1f114ebd3","false"
"69391901350762829f9a50b1","69414e2be636c8c8c38af82d","69414e2b56906fa6056d995b","69414e3447b03b0f905a5285","0","false","69414e34ad68407cb4171be9","2025-12-16T12:19:00.766000","2025-12-16T12:19:00.766000","693824c5c1ad33c1f114ebd3","false"
"69391901350762829f9a50b1","69414e2be636c8c8c38af82d","69414e2b56906fa6056d995b","69414e3433e4f2dbcccc799f","0","false","69414e34e636c8c8c38af831","2025-12-16T12:19:00.175000","2025-12-16T12:19:00.175000","693824c5c1ad33c1f114ebd3","false"
"69391901350762829f9a50b1","69414e2be636c8c8c38af82d","69414e2b56906fa6056d995b","69414e330f3ee2543c85f605","0","false","69414e33bf32c5df194d2ba3","2025-12-16T12:18:59.811000","2025-12-16T12:18:59.811000","693824c5c1ad33c1f114ebd3","false"
"69391901350762829f9a50b1","69414e2be636c8c8c38af82d","69414e2b4fbd1b665f582571","69414e33fdf865493623b230","0","false","69414e335692e95313f5a8c7","2025-12-16T12:18:59.530000","2025-12-16T12:18:59.530000","693824c5c1ad33c1f114ebd3","false"
"69391901350762829f9a50b1","69414e2be636c8c8c38af82d","69414e2b4fbd1b665f582571","69414e325692e95313f5a8c6","0","false","69414e33274bf3a40f200194","2025-12-16T12:18:59.167000","2025-12-16T12:18:59.167000","693824c5c1ad33c1f114ebd3","false"
"69391901350762829f9a50b1","69414e2be636c8c8c38af82d","69414e2b4fbd1b665f582571","69414e3252b19f72f0cf1487","0","false","69414e32a18ef6f9bf93f5ff","2025-12-16T12:18:58.827000","2025-12-16T12:18:58.827000","693824c5c1ad33c1f114ebd3","false"
"69391901350762829f9a50b1","69414e2be636c8c8c38af82d","69414e2b65bc340e8836c78d","69414e32ae506c2524e92051","0","false","69414e32aeb843dc37b48052","2025-12-16T12:18:58.504000","2025-12-16T12:18:58.504000","693824c5c1ad33c1f114ebd3","false"
"69391901350762829f9a50b1","69414e2be636c8c8c38af82d","69414e2b65bc340e8836c78d","69414e32eb6133042ca18c9e","0","false","69414e32b9a025bc177de752","2025-12-16T12:18:58.170000","2025-12-16T12:18:58.170000","693824c5c1ad33c1f114ebd3","false"
"69391901350762829f9a50b1","69414e2be636c8c8c38af82d","69414e2b65bc340e8836c78d","69414e3123ad9db553364ed3","0","false","69414e31c40cb425d477e674","2025-12-16T12:18:57.901000","2025-12-16T12:18:57.901000","693824c5c1ad33c1f114ebd3","false"
"69391901350762829f9a50b1","694149fb929894340095fb1d","694149fc4478f35e2dc28139","69414a0f82655fa17763497e","0","false","69414a0f5a26c032d3d9582f","2025-12-16T12:01:19.699000","2025-12-16T12:01:19.699000","693824c5c1ad33c1f114ebd3","false"
"69391901350762829f9a50b1","694149fb929894340095fb1d","694149fc4478f35e2dc28139","69414a0fee5462a3aa1201eb","0","false","69414a0f6657f5f1f299afb2","2025-12-16T12:01:19.320000","2025-12-16T12:01:19.320000","693824c5c1ad33c1f114ebd3","false"
"69391901350762829f9a50b1","694149fb929894340095fb1d","694149fc4478f35e2dc28139","69414a0efe5e5384bbbfe322","0","false","69414a0e77729ae91f48594e","2025-12-16T12:01:18.987000","2025-12-16T12:01:18.987000","693824c5c1ad33c1f114ebd3","false"
"69391901350762829f9a50b1","694149fb929894340095fb1d","694149fc502846012d77e87d","69414a0eabbee42ba0a6e8ed","0","false","69414a0eaab02c3778d66c5b","2025-12-16T12:01:18.625000","2025-12-16T12:01:18.625000","693824c5c1ad33c1f114ebd3","false"
"69391901350762829f9a50b1","694149fb929894340095fb1d","694149fc502846012d77e87d","69414a0eeb899ca9123536f8","0","false","69414a0e5d3d44198208044b","2025-12-16T12:01:18.350000","2025-12-16T12:01:18.350000","693824c5c1ad33c1f114ebd3","false"
"69391901350762829f9a50b1","694149fb929894340095fb1d","694149fc812013a90ab864db","69414a0da1b42be4ce359d99","0","false","69414a0e779ee60371e8ad3f","2025-12-16T12:01:18.018000","2025-12-16T12:01:18.018000","693824c5c1ad33c1f114ebd3","false"
"69391901350762829f9a50b1","694149fb929894340095fb1d","694149fcc92319eb1cccf12e","69414a0d9956b1cac664ae49","0","false","69414a0dc50be93f69424f01","2025-12-16T12:01:17.619000","2025-12-16T12:01:17.619000","693824c5c1ad33c1f114ebd3","false"
"69391901350762829f9a50b1","694149fb929894340095fb1d","694149fcc92319eb1cccf12e","69414a0d12ca911b1bd4480d","0","false","69414a0dac7de303344f0515","2025-12-16T12:01:17.332000","2025-12-16T12:01:17.332000","693824c5c1ad33c1f114ebd3","false"
"69391901350762829f9a50b1","694149fb929894340095fb1d","694149fcc92319eb1cccf12e","69414a0cd245e9bdf10ed41b","0","false","69414a0da73861d1e5542cd2","2025-12-16T12:01:17.021000","2025-12-16T12:01:17.021000","693824c5c1ad33c1f114ebd3","false"
"69391901350762829f9a50b1","694149fb929894340095fb1d","694149fcd86bfd25d4016d01","69414a0cd0a28dbe27af67dd","0","false","69414a0c206eb3f768b7ca4f","2025-12-16T12:01:16.730000","2025-12-16T12:01:16.730000","693824c5c1ad33c1f114ebd3","false"
"69391901350762829f9a50b1","694149fb929894340095fb1d","694149fb0fb0b15ddcf12502","69414a0cba4bbc445899d618","0","false","69414a0c72a0b09d91adef93","2025-12-16T12:01:16.450000","2025-12-16T12:01:16.450000","693824c5c1ad33c1f114ebd3","false"
"69391901350762829f9a50b1","694149fb929894340095fb1d","694149fb0fb0b15ddcf12502","69414a0b31f626e3ad3eaede","0","false","69414a0cb47d88b4898e0ec8","2025-12-16T12:01:16.120000","2025-12-16T12:01:16.120000","693824c5c1ad33c1f114ebd3","false"
"69391901350762829f9a50b1","694149fb929894340095fb1d","694149fb0200c03514383a75","69414a0ba6b666ef941f6584","0","false","69414a0b0bfc0741958f6e1b","2025-12-16T12:01:15.816000","2025-12-16T12:01:15.816000","693824c5c1ad33c1f114ebd3","false"
"69391901350762829f9a50b1","694149fb929894340095fb1d","694149fbed32e7fdf1b229bc","69414a0b09b050c346a236ab","0","false","69414a0bd355773a28fb847b","2025-12-16T12:01:15.432000","2025-12-16T12:01:15.432000","693824c5c1ad33c1f114ebd3","false"
"69391901350762829f9a50b1","694149fb929894340095fb1d","694149fbca46bee8e4a6fee8","69414a0a83b70f026186884b","0","false","69414a0bd86bfd25d4016d09","2025-12-16T12:01:15.117000","2025-12-16T12:01:15.117000","693824c5c1ad33c1f114ebd3","false"
"69391901350762829f9a50b1","694149fb929894340095fb1d","694149fbca46bee8e4a6fee8","69414a0a8d6cd6c09553af63","0","false","69414a0a2fca22e28110108d","2025-12-16T12:01:14.764000","2025-12-16T12:01:14.764000","693824c5c1ad33c1f114ebd3","false"
"69391901350762829f9a50b1","694149fb929894340095fb1d","694149fb6e307d2e3f040281","69414a09e599e1b62870908e","0","false","69414a0a951b118159c8e3b2","2025-12-16T12:01:14.047000","2025-12-16T12:01:14.047000","693824c5c1ad33c1f114ebd3","false"
"69391901350762829f9a50b1","694149fb929894340095fb1d","694149fb6e307d2e3f040281","69414a09ac7de303344f0511","0","false","69414a0965bc340e8836c296","2025-12-16T12:01:13.709000","2025-12-16T12:01:13.709000","693824c5c1ad33c1f114ebd3","false"
"69391901350762829f9a50b1","694149fb929894340095fb1d","694149fb6e307d2e3f040281","69414a0972a0b09d91adef92","0","false","69414a095e4390664f17424a","2025-12-16T12:01:13.294000","2025-12-16T12:01:13.294000","693824c5c1ad33c1f114ebd3","false"
"69391901350762829f9a50b1","694149fb929894340095fb1d","694149fbed32e7fdf1b229bc","69414a08cb8170f5951ab951","0","false","69414a08ba2b03400a97c73b","2025-12-16T12:01:12.974000","2025-12-16T12:01:12.974000","693824c5c1ad33c1f114ebd3","false"
"69391901350762829f9a50b1","694149fb929894340095fb1d","694149fbed32e7fdf1b229bc","69414a084b644c1be89fb8fa","0","false","69414a08afe6c60165a847c1","2025-12-16T12:01:12.621000","2025-12-16T12:01:12.621000","693824c5c1ad33c1f114ebd3","false"
"69391901350762829f9a50b1","694149fb929894340095fb1d","694149fbed32e7fdf1b229bc","69414a08cbd4aad40faaadde","0","false","69414a08b8fee3b14857141d","2025-12-16T12:01:12.314000","2025-12-16T12:01:12.314000","693824c5c1ad33c1f114ebd3","false"
"69391901350762829f9a50b1","694130125ff3239f656519a9","694130132bae6b583bbe9f0f","694130291dfbe65baac5f5ba","0","false","69413029794f0c685e004d4c","2025-12-16T10:10:49.521000","2025-12-16T10:10:49.521000","693824c5c1ad33c1f114ebd3","false"
"69391901350762829f9a50b1","694130125ff3239f656519a9","694130132bae6b583bbe9f0f","6941302930d418ecbd632d64","0","false","69413029d5b6301bca4d32f4","2025-12-16T10:10:49.209000","2025-12-16T10:10:49.209000","693824c5c1ad33c1f114ebd3","false"
"69391901350762829f9a50b1","694130125ff3239f656519a9","694130132bae6b583bbe9f0f","69413028f5e633101c94e046","0","false","6941302847886c34c7f569be","2025-12-16T10:10:48.880000","2025-12-16T10:10:48.880000","693824c5c1ad33c1f114ebd3","false"
"69391901350762829f9a50b1","694130125ff3239f656519a9","694130132bae6b583bbe9f0f","694130283e4f5fe6a44775c9","0","false","69413028cf35befaabaab5bc","2025-12-16T10:10:48.600000","2025-12-16T10:10:48.600000","693824c5c1ad33c1f114ebd3","false"
"69391901350762829f9a50b1","694130125ff3239f656519a9","69413013240f2bb2edca7711","69413028737bd31bec4041f1","0","false","694130288ccddd4341563fa9","2025-12-16T10:10:48.312000","2025-12-16T10:10:48.312000","693824c5c1ad33c1f114ebd3","false"
"69391901350762829f9a50b1","694130125ff3239f656519a9","6941301306317a92b7fd3c4c","694130269758a0f4ca78e6ec","0","false","69413027197a01a1c58f571e","2025-12-16T10:10:47.197000","2025-12-16T10:10:47.197000","693824c5c1ad33c1f114ebd3","false"
"69391901350762829f9a50b1","694130125ff3239f656519a9","6941301306317a92b7fd3c4c","694130252d3d1c55226cfd26","0","false","694130252c6e5539c793ce4b","2025-12-16T10:10:45.656000","2025-12-16T10:10:45.656000","693824c5c1ad33c1f114ebd3","false"
"69391901350762829f9a50b1","694130125ff3239f656519a9","6941301306317a92b7fd3c4c","694130242f8187054741ed25","0","false","69413024289807e4614175fd","2025-12-16T10:10:44.970000","2025-12-16T10:10:44.970000","693824c5c1ad33c1f114ebd3","false"
"69391901350762829f9a50b1","694130125ff3239f656519a9","69413013fc23da42b01d0bc5","69413020e81424dba2c34150","0","false","6941302106317a92b7fd3c55","2025-12-16T10:10:41.752000","2025-12-16T10:10:41.752000","693824c5c1ad33c1f114ebd3","false"
"69391901350762829f9a50b1","694130125ff3239f656519a9","69413013fc23da42b01d0bc5","6941301facb8f2c1b08888cc","0","false","694130203e28fc33b12a006b","2025-12-16T10:10:40.562000","2025-12-16T10:10:40.562000","693824c5c1ad33c1f114ebd3","false"
"69391901350762829f9a50b1","694130125ff3239f656519a9","69413013506f3b2cb06f3f81","6941301ebd854a006efc0b49","0","false","6941301f83622ea20e99d15a","2025-12-16T10:10:39.376000","2025-12-16T10:10:39.376000","693824c5c1ad33c1f114ebd3","false"
"69391901350762829f9a50b1","694130125ff3239f656519a9","69413013506f3b2cb06f3f81","6941301d54d7e612d7b2c346","0","false","6941301e0ebac2e90c845e5d","2025-12-16T10:10:38.638000","2025-12-16T10:10:38.638000","693824c5c1ad33c1f114ebd3","false"
"69391901350762829f9a50b1","694130125ff3239f656519a9","69413013506f3b2cb06f3f81","6941301d08579da539feb657","0","false","6941301d3e4f5fe6a44775c7","2025-12-16T10:10:37.736000","2025-12-16T10:10:37.736000","693824c5c1ad33c1f114ebd3","false"
"69391901350762829f9a50b1","694130125ff3239f656519a9","69413013d5b6301bca4d32ee","6941301d508e47602f57203a","0","false","6941301df2cc0e9e7d7c4386","2025-12-16T10:10:37.416000","2025-12-16T10:10:37.416000","693824c5c1ad33c1f114ebd3","false"
"69391901350762829f9a50b1","694130125ff3239f656519a9","69413013d5b6301bca4d32ee","6941301c833c89ab5c645028","0","false","6941301d2b25d7a1d1861683","2025-12-16T10:10:37.101000","2025-12-16T10:10:37.101000","693824c5c1ad33c1f114ebd3","false"
"69391901350762829f9a50b1","694130125ff3239f656519a9","6941301218439f67c9deaec4","6941301c4d73b04c5b2d0f20","0","false","6941301cfc23da42b01d0bcc","2025-12-16T10:10:36.781000","2025-12-16T10:10:36.781000","693824c5c1ad33c1f114ebd3","false"
"69391901350762829f9a50b1","694130125ff3239f656519a9","6941301218439f67c9deaec4","6941301ce5a197d41618a245","0","false","6941301cebc14a06740e3700","2025-12-16T10:10:36.508000","2025-12-16T10:10:36.508000","693824c5c1ad33c1f114ebd3","false"
"69391901350762829f9a50b1","694130125ff3239f656519a9","6941301218439f67c9deaec4","6941301cb91d11c30013b7ff","0","false","6941301cfd1af1b73755cb58","2025-12-16T10:10:36.160000","2025-12-16T10:10:36.160000","693824c5c1ad33c1f114ebd3","false"
"69391901350762829f9a50b1","694130125ff3239f656519a9","69413012c35b97c6c489e90a","6941301bab14d4130b57d2af","0","false","6941301bc9ab32e553c34a0c","2025-12-16T10:10:35.893000","2025-12-16T10:10:35.893000","693824c5c1ad33c1f114ebd3","false"
"69391901350762829f9a50b1","694130125ff3239f656519a9","69413012c35b97c6c489e90a","6941301b2c43bc07bf05d7a8","0","false","6941301b63c86d5975a4e04c","2025-12-16T10:10:35.598000","2025-12-16T10:10:35.598000","693824c5c1ad33c1f114ebd3","false"
"69391901350762829f9a50b1","694130125ff3239f656519a9","69413012c35b97c6c489e90a","6941301b5734e7803777ce7a","0","false","6941301b5fcac2747d685b66","2025-12-16T10:10:35.247000","2025-12-16T10:10:35.247000","693824c5c1ad33c1f114ebd3","false"
"69391901350762829f9a50b1","694130125ff3239f656519a9","69413012c35b97c6c489e90a","6941301ac3fba4d75bd2cee1","0","false","6941301a32d0ecfcddcdbb50","2025-12-16T10:10:34.915000","2025-12-16T10:10:34.915000","693824c5c1ad33c1f114ebd3","false"
"69391901350762829f9a50b1","694130125ff3239f656519a9","69413012678f36204a9fbe02","6941301ace2379d6f06d6c80","0","false","6941301a5ff3239f656519b2","2025-12-16T10:10:34.580000","2025-12-16T10:10:34.580000","693824c5c1ad33c1f114ebd3","false"
"69391901350762829f9a50b1","694130125ff3239f656519a9","69413012678f36204a9fbe02","6941301ac35b97c6c489e90d","0","false","6941301ab4a561b5babec744","2025-12-16T10:10:34.210000","2025-12-16T10:10:34.210000","693824c5c1ad33c1f114ebd3","false"
"69391901350762829f9a50b1","694130125ff3239f656519a9","69413012678f36204a9fbe02","6941301908f2406cdfafed65","0","false","6941301939843c74accd8c49","2025-12-16T10:10:33.708000","2025-12-16T10:10:33.708000","693824c5c1ad33c1f114ebd3","false"
"69391901350762829f9a50b1","694130125ff3239f656519a9","694130123e633b3f25246efc","69413019cfec18c0b4d683f8","0","false","6941301910a267b89892bda6","2025-12-16T10:10:33.403000","2025-12-16T10:10:33.404000","693824c5c1ad33c1f114ebd3","false"
"69391901350762829f9a50b1","694130125ff3239f656519a9","694130123e633b3f25246efc","694130181eba9e8a644872cc","0","false","694130192f8187054741ed22","2025-12-16T10:10:33.080000","2025-12-16T10:10:33.080000","693824c5c1ad33c1f114ebd3","false"
"69391901350762829f9a50b1","694130125ff3239f656519a9","694130123e633b3f25246efc","694130186f1ca71adf846918","0","false","694130188776b93f047bcb0e","2025-12-16T10:10:32.786000","2025-12-16T10:10:32.786000","693824c5c1ad33c1f114ebd3","false"
"69391901350762829f9a50b1","69408067e35ef9b1278c706c","69408067e0d14a85243fd2ba","6940806a0f12bb6fb0bef5a8","0","false","6940806ab7dab8202b85326c","2025-12-15T21:40:58.332000","2025-12-15T21:40:58.332000","693824c5c1ad33c1f114ebd3","false"
"69391901350762829f9a50b1","69408067e35ef9b1278c706c","694080674413bca06c42d671","694080695836ce21dbe4a762","0","false","6940806943cfa783a58db56b","2025-12-15T21:40:57.984000","2025-12-15T21:40:57.984000","693824c5c1ad33c1f114ebd3","false"
"69391901350762829f9a50b1","69408067e35ef9b1278c706c","6940806766fe22dd7a262bc3","69408069b5aebc17ab7e3c70","0","false","6940806989c9fe4d4282bdf0","2025-12-15T21:40:57.677000","2025-12-15T21:40:57.677000","693824c5c1ad33c1f114ebd3","false"
"69391901350762829f9a50b1","69408067e35ef9b1278c706c","69408067d523c7610b6a6bd1","694080690f12bb6fb0bef5a7","0","false","69408069d4e9d2d6cfad2933","2025-12-15T21:40:57.368000","2025-12-15T21:40:57.368000","693824c5c1ad33c1f114ebd3","false"
"69391901350762829f9a50b1","694061d996dc9d12459b3554","694061dad4b7c28f3ec1c58e","694061dc1ef4c3eed6280f97","0","false","6940727cd523c7610b6a639f","2025-12-15T20:41:32.547000","2025-12-15T20:41:32.547000","693824c5c1ad33c1f114ebd3","false"
"69391901350762829f9a50b1","694067ec1189590449149188","694067ee96dc9d12459b3b65","694067f1b7bdac03cd8f3af1","0","false","694067f18c1865ce65b035fc","2025-12-15T19:56:33.665000","2025-12-15T19:56:33.665000","693824c5c1ad33c1f114ebd3","false"
"69391901350762829f9a50b1","694067ec1189590449149188","694067ee5aae854eedf8ea29","694067f11cb3ecec6e18387e","0","false","694067f16fc5b0bdd5899a97","2025-12-15T19:56:33.365000","2025-12-15T19:56:33.365000","693824c5c1ad33c1f114ebd3","false"
"69391901350762829f9a50b1","694067ec1189590449149188","694067eedc32b0ae67b63b61","694067f043cfa783a58da638","0","false","694067f1c20955c2a9af41da","2025-12-15T19:56:33.020000","2025-12-15T19:56:33.020000","693824c5c1ad33c1f114ebd3","false"
"69391901350762829f9a50b1","694067ec1189590449149188","694067ecbec14abcfb12da73","694067f075b2f2d1975c8719","0","false","694067f0aabf9eb3a789690a","2025-12-15T19:56:32.703000","2025-12-15T19:56:32.703000","693824c5c1ad33c1f114ebd3","false"
"69391901350762829f9a50b1","694061d996dc9d12459b3554","694061da114f3b7b09106f4e","694061dc1ef4c3eed6280f97","0","false","6940629507c963f954d9ed55","2025-12-15T19:33:41.079000","2025-12-15T19:33:41.079000","693824c5c1ad33c1f114ebd3","false"
"69391901350762829f9a50b1","694061d996dc9d12459b3554","694061da8531bb330ce6975b","694061dc1ef4c3eed6280f97","0","false","694061dcde70c5891381f4a2","2025-12-15T19:30:36.749000","2025-12-15T19:30:36.749000","693824c5c1ad33c1f114ebd3","false"
"69391901350762829f9a50b1","694061d996dc9d12459b3554","694061dad4b7c28f3ec1c58e","694061dc9cf79b8485255aef","0","false","694061dc0f12bb6fb0bee33b","2025-12-15T19:30:36.251000","2025-12-15T19:30:36.251000","693824c5c1ad33c1f114ebd3","false"
"69391901350762829f9a50b1","69402e37dd63c4e0eb481e05","69402e38c655f38804e353b5","69402e3939d8a00db7312a55","0","false","69402e3a23e6d996714b5878","2025-12-15T15:50:18.100000","2025-12-15T15:50:18.100000","693824c5c1ad33c1f114ebd3","false"
"69391901350762829f9a50b1","69402e37dd63c4e0eb481e05","69402e3857412748fc59427f","69402e39582c30d86f51f0b0","0","false","69402e39e9557c5a7b0d3101","2025-12-15T15:50:17.825000","2025-12-15T15:50:17.825000","693824c5c1ad33c1f114ebd3","false"
"69391901350762829f9a50b1","69402e37dd63c4e0eb481e05","69402e3750ecd2c35033bed2","69402e39347e8a5d3a39abad","0","false","69402e393caad9ee2caaa43c","2025-12-15T15:50:17.512000","2025-12-15T15:50:17.512000","693824c5c1ad33c1f114ebd3","false"
"69391901350762829f9a50b1","69402e37dd63c4e0eb481e05","69402e37ee1d584eb51347c3","69402e398a79c1f8e892d0b6","0","false","69402e3997fb3181dd515f57","2025-12-15T15:50:17.226000","2025-12-15T15:50:17.226000","693824c5c1ad33c1f114ebd3","false"
"69391901350762829f9a50b1","69400e6420d4231b790d0047","69400e742fa259e012fcd87b","69400ee03bcddae2add9313d","0","false","69400ee1034580321be7a2bf","2025-12-15T13:36:33.120000","2025-12-15T13:36:33.120000","693824c5c1ad33c1f114ebd3","false"
"69391901350762829f9a50b1","69400e6420d4231b790d0047","69400e74175d49e06875eae9","69400ee08b658ab84e96b103","0","false","69400ee0dea44f362c707fef","2025-12-15T13:36:32.792000","2025-12-15T13:36:32.792000","693824c5c1ad33c1f114ebd3","false"
"69391901350762829f9a50b1","69400e6420d4231b790d0047","69400e74b2c3ffafa923208d","69400ee07113161a4ad58b56","0","false","69400ee09955af1508bc5109","2025-12-15T13:36:32.468000","2025-12-15T13:36:32.468000","693824c5c1ad33c1f114ebd3","false"
"69391901350762829f9a50b1","69400e6420d4231b790d0047","69400e746512cea2fdefefbc","69400edf2cada6d5732033e0","0","false","69400ee0dbf204036118e8f9","2025-12-15T13:36:32.159000","2025-12-15T13:36:32.159000","693824c5c1ad33c1f114ebd3","false"
"69391901350762829f9a50b1","69400e6420d4231b790d0047","69400e738b658ab84e96b0c7","69400edf53f9557f60ef37bf","0","false","69400edff9b1841a7fce0da4","2025-12-15T13:36:31.847000","2025-12-15T13:36:31.847000","693824c5c1ad33c1f114ebd3","false"
"69391901350762829f9a50b1","69400e6420d4231b790d0047","69400e71d1655841c93e7e5c","69400ede7a874b6ed9224524","0","false","69400edff1af1e3f93551083","2025-12-15T13:36:31.188000","2025-12-15T13:36:31.188000","693824c5c1ad33c1f114ebd3","false"
"69391901350762829f9a50b1","69400e6420d4231b790d0047","69400e6fdbf204036118e8b3","69400eded42a823ac9f3cdde","0","false","69400ede41275fb2a1017577","2025-12-15T13:36:30.773000","2025-12-15T13:36:30.773000","693824c5c1ad33c1f114ebd3","false"
"69391901350762829f9a50b1","69400e6420d4231b790d0047","69400e6f4ee19abee71b7a27","69400ede16c1052363914ae0","0","false","69400ede8d0640c8c7487c43","2025-12-15T13:36:30.281000","2025-12-15T13:36:30.281000","693824c5c1ad33c1f114ebd3","false"
"69391901350762829f9a50b1","69400e6420d4231b790d0047","69400e6f270a3a65a3a6f54c","69400edd034c7e19e4dc9ce7","0","false","69400edd3726845e3126bb36","2025-12-15T13:36:29.878000","2025-12-15T13:36:29.878000","693824c5c1ad33c1f114ebd3","false"
"69391901350762829f9a50b1","69400e6420d4231b790d0047","69400e6f50716eadad17c2e4","69400edc108001a98299a84c","0","false","69400edd7a20c245fc839e33","2025-12-15T13:36:29.272000","2025-12-15T13:36:29.272000","693824c5c1ad33c1f114ebd3","false"
"69391901350762829f9a50b1","69400e6420d4231b790d0047","69400e6ee65a30ce420d7282","69400edc9f88aa8cb203b099","0","false","69400edc16049895440f0147","2025-12-15T13:36:28.606000","2025-12-15T13:36:28.606000","693824c5c1ad33c1f114ebd3","false"
"69391901350762829f9a50b1","693fecd339783cc424825638","693fecd3c43d4d67551474d8","693fecd5ade2ae58893ab70f","0","false","693fecd6260612a21efe4657","2025-12-15T11:11:18.003000","2025-12-15T11:11:18.003000","693824c5c1ad33c1f114ebd3","false"
"69391901350762829f9a50b1","693fecd339783cc424825638","693fecd3265ceb6041b46d33","693fecd58d96ff4936474c5f","0","false","693fecd53c06765ee626c20e","2025-12-15T11:11:17.686000","2025-12-15T11:11:17.686000","693824c5c1ad33c1f114ebd3","false"
"69391901350762829f9a50b1","693fe9aa436455b2ab28d10d","693fe9abd3ced819901cbbdd","693fe9adc604a56cdd832b35","0","false","693fe9adc43da1ecef9523a5","2025-12-15T10:57:49.959000","2025-12-15T10:57:49.959000","693824c5c1ad33c1f114ebd3","false"
"69391901350762829f9a50b1","693fe9aa436455b2ab28d10d","693fe9abf496d032b9d61996","693fe9ad768bfa974ae73582","0","false","693fe9ad4394bed771cd7c3f","2025-12-15T10:57:49.652000","2025-12-15T10:57:49.652000","693824c5c1ad33c1f114ebd3","false"
"69391901350762829f9a50b1","693fe9aa436455b2ab28d10d","693fe9aa24c59304ba05ae25","693fe9ad2f022edb25a7002b","0","false","693fe9adb6f55adf50a2a720","2025-12-15T10:57:49.305000","2025-12-15T10:57:49.305000","693824c5c1ad33c1f114ebd3","false"
"69391901350762829f9a50b1","693fe9aa436455b2ab28d10d","693fe9aa5e030aa200857372","693fe9acf3aed25de72f339c","0","false","693fe9ac603dd01034915d2d","2025-12-15T10:57:48.920000","2025-12-15T10:57:48.920000","693824c5c1ad33c1f114ebd3","false"
"69391901350762829f9a50b1","693fdeed470f643b4c77672a","693fdef11e518f08b1ec080e","693fdf02c17edb6d021402da","0","false","693fdf032d8aef0d1ed02a51","2025-12-15T10:12:19.956000","2025-12-15T10:12:19.956000","693824c5c1ad33c1f114ebd3","false"
"69391901350762829f9a50b1","693fdeed470f643b4c77672a","693fdef0f09bad332ca3546b","693fdf013c06765ee626b98d","0","false","693fdf022f022edb25a68a79","2025-12-15T10:12:18.503000","2025-12-15T10:12:18.503000","693824c5c1ad33c1f114ebd3","false"
"69391901350762829f9a50b1","693fdeed470f643b4c77672a","693fdeeee94014a42c3dc96e","693fdefe5ce820d394b30830","0","false","693fdeff5e030aa200856bb2","2025-12-15T10:12:15.621000","2025-12-15T10:12:15.621000","693824c5c1ad33c1f114ebd3","false"
"69391901350762829f9a50b1","693fdeed470f643b4c77672a","693fdeed48837622aacbdf3d","693fdefb53140f81c61c76a3","0","false","693fdefcc32fbbec52392b7d","2025-12-15T10:12:12.743000","2025-12-15T10:12:12.743000","693824c5c1ad33c1f114ebd3","false"
"69391901350762829f9a50b1","693fdab26a84d240bb626e69","693fdab3f8209b619d3d98e1","693fdaba4329f3557080b704","0","false","693fdabaf4f5fa7ad271e296","2025-12-15T09:54:02.515000","2025-12-15T09:54:02.515000","693824c5c1ad33c1f114ebd3","false"
"69391901350762829f9a50b1","693fdab26a84d240bb626e69","693fdab2436455b2ab289124","693fdab74975ab8493585576","0","false","693fdab8c8eb0ed6d921305c","2025-12-15T09:54:00.245000","2025-12-15T09:54:00.245000","693824c5c1ad33c1f114ebd3","false"
"69391901350762829f9a50b1","693fdab26a84d240bb626e69","693fdab2436455b2ab289124","693fdab6a0ce6869f5d3276b","0","false","693fdab6c604a56cdd82ad4e","2025-12-15T09:53:58.589000","2025-12-15T09:53:58.589000","693824c5c1ad33c1f114ebd3","false"
"69391901350762829f9a50b1","693fdab26a84d240bb626e69","693fdab2ee5d627d1d01d538","693fdab6470f643b4c776095","0","false","693fdab6156fa02f9f38788e","2025-12-15T09:53:58.248000","2025-12-15T09:53:58.248000","693824c5c1ad33c1f114ebd3","false"
"69391901350762829f9a50b1","693f750db8e590e49bb9d9d7","693f750e029af214900d6c73","693f751004406ed37ce7b3d4","0","false","693f75108f01e6207be3d930","2025-12-15T02:40:16.879000","2025-12-15T02:40:16.879000","693824c5c1ad33c1f114ebd3","false"
"69391901350762829f9a50b1","693f750db8e590e49bb9d9d7","693f750daa349aa07de58286","693f75105a7c889b6e2230bb","0","false","693f7510c318bdbeacac6cba","2025-12-15T02:40:16.540000","2025-12-15T02:40:16.540000","693824c5c1ad33c1f114ebd3","false"
"69391901350762829f9a50b1","693f750db8e590e49bb9d9d7","693f750daa349aa07de58286","693f750f6a39d71d819ddba7","0","false","693f750f029af214900d6c76","2025-12-15T02:40:15.730000","2025-12-15T02:40:15.730000","693824c5c1ad33c1f114ebd3","false"
"69391901350762829f9a50b1","693f750db8e590e49bb9d9d7","693f750dd84416ea1b060b93","693f750e28ee6437e2b0250d","0","false","693f750e4e95c4c7ca14f18b","2025-12-15T02:40:14.965000","2025-12-15T02:40:14.965000","693824c5c1ad33c1f114ebd3","false"
"69391901350762829f9a50b1","693f65b72b60d02803b978fd","693f65b908bad2522395f4fe","693f65c1e935f48f402a75ac","0","false","693f65c18709152930a4d74f","2025-12-15T01:34:57.202000","2025-12-15T01:34:57.202000","693824c5c1ad33c1f114ebd3","false"
"69391901350762829f9a50b1","693f65b72b60d02803b978fd","693f65b908bad2522395f4fe","693f65bf232116cd0846d71c","0","false","693f65c0e3c92f7d75084bf4","2025-12-15T01:34:56.608000","2025-12-15T01:34:56.608000","693824c5c1ad33c1f114ebd3","false"
"69391901350762829f9a50b1","693f65b72b60d02803b978fd","693f65b8da1ac29c87c19f90","693f65beef517f55bcc7bb89","0","false","693f65be83b74f424bf2fe61","2025-12-15T01:34:54.986000","2025-12-15T01:34:54.986000","693824c5c1ad33c1f114ebd3","false"
"69391901350762829f9a50b1","693f65b72b60d02803b978fd","693f65b8471e7db8466724bf","693f65bde3c92f7d75084bf2","0","false","693f65bef259c12369213384","2025-12-15T01:34:54.098000","2025-12-15T01:34:54.098000","693824c5c1ad33c1f114ebd3","false"
"69391901350762829f9a50b1","693f65b72b60d02803b978fd","693f65b8f311d0d54c9aa18e","693f65bc3838e2a55278c6d4","0","false","693f65bd80882c98e4be6b14","2025-12-15T01:34:53.072000","2025-12-15T01:34:53.072000","693824c5c1ad33c1f114ebd3","false"
"69391901350762829f9a50b1","693f65b72b60d02803b978fd","693f65b84bc4d5e12a04f13d","693f65bc6a39d71d819dbc51","0","false","693f65bc029af214900d5710","2025-12-15T01:34:52.696000","2025-12-15T01:34:52.696000","693824c5c1ad33c1f114ebd3","false"
"69391901350762829f9a50b1","693f65b72b60d02803b978fd","693f65b84bc4d5e12a04f13d","693f65bc2baf26c703c90c63","0","false","693f65bc0ce1228c3032b3ff","2025-12-15T01:34:52.308000","2025-12-15T01:34:52.308000","693824c5c1ad33c1f114ebd3","false"
"69391901350762829f9a50b1","693ec28642f5b6bbe58dea6f","693ec2860ce8dbf6bf5b4da9","693ec288b4e4211bdf5049a0","0","false","693ec2881f0f829ca65b49ee","2025-12-14T13:58:32.758000","2025-12-14T13:58:32.758000","693824c5c1ad33c1f114ebd3","false"
"69391901350762829f9a50b1","693c91d55bca66c9ccee0a96","693ca23dccf412e21dfe2878","693ea93cf16772f5d9ca9bb1","0","false","693eb3261004f3c8996679d4","2025-12-14T12:52:54.502000","2025-12-14T12:52:54.502000","693824c5c1ad33c1f114ebd3","false"